{
    "metrics": {
        "accuracy": 0.984,
        "precision": 0.8536585365853658,
        "recall": 0.5737704918032787,
        "f1": 0.6862745098039216,
        "roc_auc": 0.9542945070553521
    },
    "confusion_matrix": [
        [
            1933,
            6
        ],
        [
            26,
            35
        ]
    ],
    "roc_curve": {
        "fpr": [
            0.0,
            0.0,
            0.0,
            0.0,
            0.0,
            0.0005157297576070139,
            0.0005157297576070139,
            0.0005157297576070139,
            0.0010314595152140279,
            0.0010314595152140279,
            0.0010314595152140279,
            0.0010314595152140279,
            0.0015471892728210418,
            0.0015471892728210418,
            0.0015471892728210418,
            0.0015471892728210418,
            0.0020629190304280558,
            0.0025786487880350697,
            0.0025786487880350697,
            0.0030943785456420837,
            0.0030943785456420837,
            0.0036101083032490976,
            0.0041258380608561115,
            0.0041258380608561115,
            0.005157297576070139,
            0.005673027333677153,
            0.005673027333677153,
            0.006704486848891181,
            0.006704486848891181,
            0.008251676121712223,
            0.008251676121712223,
            0.008767405879319236,
            0.008767405879319236,
            0.009283135636926251,
            0.010830324909747292,
            0.01186178442496132,
            0.01186178442496132,
            0.012377514182568335,
            0.013408973697782363,
            0.013924703455389376,
            0.01444043321299639,
            0.014956162970603403,
            0.01598762248581743,
            0.016503352243424446,
            0.018566271273852502,
            0.019082001031459517,
            0.019082001031459517,
            0.021144920061887573,
            0.02372356884992264,
            0.02527075812274368,
            0.025786487880350695,
            0.02784940691077875,
            0.02888086642599278,
            0.029396596183599792,
            0.03197524497163486,
            0.033522434244455904,
            0.03455389375966993,
            0.035069623517276945,
            0.036616812790097986,
            0.037132542547705004,
            0.038164002062919034,
            0.042805569881382156,
            0.0479628674574523,
            0.05002578648788035,
            0.05208870551830841,
            0.05466735430634347,
            0.058793192367199584,
            0.06343476018566271,
            0.06704486848891181,
            0.07013924703455389,
            0.073749355337803,
            0.0778751933986591,
            0.09128416709644147,
            0.10417741103661682,
            0.11603919546157813,
            0.1371841155234657,
            0.15678184631253222,
            0.20422898401237752,
            0.3017019082001031,
            1.0
        ],
        "tpr": [
            0.0,
            0.01639344262295082,
            0.04918032786885246,
            0.08196721311475409,
            0.11475409836065574,
            0.13114754098360656,
            0.22950819672131148,
            0.26229508196721313,
            0.3114754098360656,
            0.32786885245901637,
            0.36065573770491804,
            0.4098360655737705,
            0.4098360655737705,
            0.4426229508196721,
            0.47540983606557374,
            0.4918032786885246,
            0.4918032786885246,
            0.5081967213114754,
            0.5737704918032787,
            0.5737704918032787,
            0.5901639344262295,
            0.6065573770491803,
            0.6065573770491803,
            0.6229508196721312,
            0.6229508196721312,
            0.639344262295082,
            0.6557377049180327,
            0.6557377049180327,
            0.6885245901639344,
            0.6885245901639344,
            0.7377049180327869,
            0.7377049180327869,
            0.7540983606557377,
            0.7540983606557377,
            0.7540983606557377,
            0.7540983606557377,
            0.7704918032786885,
            0.7868852459016393,
            0.7868852459016393,
            0.7868852459016393,
            0.8032786885245902,
            0.8032786885245902,
            0.8032786885245902,
            0.8032786885245902,
            0.8032786885245902,
            0.8032786885245902,
            0.819672131147541,
            0.819672131147541,
            0.819672131147541,
            0.819672131147541,
            0.819672131147541,
            0.819672131147541,
            0.819672131147541,
            0.819672131147541,
            0.819672131147541,
            0.8360655737704918,
            0.8360655737704918,
            0.8360655737704918,
            0.8360655737704918,
            0.8360655737704918,
            0.8360655737704918,
            0.8360655737704918,
            0.8360655737704918,
            0.8524590163934426,
            0.8524590163934426,
            0.8524590163934426,
            0.8524590163934426,
            0.8688524590163934,
            0.8688524590163934,
            0.8852459016393442,
            0.8852459016393442,
            0.8852459016393442,
            0.8852459016393442,
            0.9016393442622951,
            0.9344262295081968,
            0.9344262295081968,
            0.9508196721311475,
            0.9508196721311475,
            0.9508196721311475,
            1.0
        ]
    },
    "features": [
        "Type",
        "Air temperature [K]",
        "Process temperature [K]",
        "Rotational speed [rpm]",
        "Torque [Nm]",
        "Tool wear [min]"
    ]
}